,f,quantum fair p=3
0,email-Enron_1,0.7956999999999934
1,email-Enron_2,0.588999999999984
2,contact-high-school_01,0.5445999999999864
3,contact-high-school_02,0.5367999999999783
4,contact-high-school_03,0.5936999999999949
5,contact-high-school_04,0.5302999999999759
6,contact-high-school_05,0.5408999999999912
7,contact-high-school_06,0.5210999999999651
8,contact-high-school_07,0.5482999999999852
9,contact-high-school_08,0.575299999999997
10,contact-high-school_09,0.5251999999999798
11,contact-high-school_10,0.52679999999998
