,folder,f,quantum max p=3
0,poisson_16_12_3,01,15.141988888888887
1,poisson_16_12_3,02,15.154444444444438
2,poisson_16_12_3,03,14.744727777777776
3,poisson_16_12_3,04,14.934950666666667
4,poisson_16_12_3,05,14.873847222222222
5,poisson_16_12_3,06,14.919722111111112
6,poisson_16_12_3,07,15.363994444444444
7,poisson_16_12_3,08,14.96925277777778
8,poisson_16_12_3,09,15.081115392290254
9,poisson_16_12_4,01,15.15009566666666
10,poisson_16_12_4,02,14.98575814058957
11,poisson_16_12_4,03,15.030630444444448
12,poisson_16_12_4,04,15.202462852607715
13,poisson_16_12_4,05,15.132191453514737
14,poisson_16_12_4,06,15.155829111111109
15,poisson_16_12_4,07,15.256533111111109
16,poisson_16_12_4,08,14.848836111111112
17,poisson_16_12_4,09,15.505283673469386
18,poisson_16_12_5,01,15.339018249999997
19,poisson_16_12_5,02,15.450373322877299
20,poisson_16_12_5,03,15.359374486961448
21,poisson_16_12_5,04,15.26312457256236
22,poisson_16_12_5,05,15.339856246031745
23,poisson_16_12_5,06,15.235105333333335
24,poisson_16_12_5,07,15.333878807256237
25,poisson_16_12_5,08,15.578317305555556
26,poisson_16_12_5,09,15.448473597791459
