,f,quantum fair
0,contact-high-school_01,0.5239111111111221
1,contact-high-school_02,0.492711111111126
2,contact-high-school_03,0.595299999999996
3,contact-high-school_04,0.49866666666669895
4,contact-high-school_05,0.49013333333334275
5,contact-high-school_06,0.492177777777818
6,contact-high-school_07,0.5042666666666821
7,contact-high-school_08,0.5904999999999998
8,contact-high-school_09,0.5124444444444649
9,contact-high-school_10,0.48151111111112194
10,contact-high-school_11,0.5378999999999805
11,contact-high-school_12,0.5811999999999867
12,contact-high-school_13,0.6558999999999967
13,contact-high-school_14,0.501688888888911
14,contact-high-school_15,0.4899555555555641
15,contact-high-school_16,0.5537999999999937
16,contact-high-school_17,0.5367999999999851
17,contact-high-school_18,0.5422999999999806
18,contact-high-school_19,0.5794999999999927
19,contact-high-school_20,0.557899999999984
