f, sdp max, exact max, sdp fair, exact fair
contact-high-school_11.npy, 1.0, 172.0, 4.16334e-17, 172.0, 9.71445e-17
contact-high-school_11.npy, 0.9938441702975689, 172.0, 4.16334e-17, 172.0, 9.71445e-17
contact-high-school_11.npy, 0.9755282581475768, 171.998, 2.55453e-5, 172.0, 9.71445e-17
contact-high-school_11.npy, 0.9455032620941839, 171.991, 9.54523e-5, 172.0, 9.71445e-17
contact-high-school_11.npy, 0.9045084971874737, 172.0, 4.16334e-17, 172.0, 9.71445e-17
contact-high-school_11.npy, 0.8535533905932737, 171.979, 0.000243132, 172.0, 9.71445e-17
contact-high-school_11.npy, 0.7938926261462366, 163.221, 0.221469, 163.222, 0.221453
contact-high-school_11.npy, 0.7269952498697734, 151.216, 0.415277, 151.222, 0.415225
contact-high-school_11.npy, 0.6545084971874737, 116.103, 0.830455, 116.111, 0.83045
contact-high-school_11.npy, 0.5782172325201155, 101.68, 0.919897, 105.028, 0.913495
contact-high-school_11.npy, 0.5, 93.1614, 0.961373, 95.8056, 0.968858
contact-high-school_11.npy, 0.4217827674798847, 89.0414, 0.973794, 95.8056, 0.968858
contact-high-school_11.npy, 0.34549150281252633, 87.4552, 0.976794, 88.3333, 0.99654
contact-high-school_11.npy, 0.2730047501302266, 86.6588, 0.977817, 88.3333, 0.99654
contact-high-school_11.npy, 0.2061073738537635, 86.2, 0.978225, 88.3333, 0.99654
contact-high-school_11.npy, 0.14644660940672627, 85.9168, 0.978363, 88.3333, 0.99654
contact-high-school_11.npy, 0.09549150281252633, 85.7338, 0.978397, 88.3333, 0.99654
contact-high-school_11.npy, 0.054496737905816106, 85.6141, 0.978395, 88.3333, 0.99654
contact-high-school_11.npy, 0.024471741852423234, 85.5373, 0.978381, 88.3333, 0.99654
contact-high-school_11.npy, 0.00615582970243117, 85.4981, 0.978345, 88.3333, 0.99654
contact-high-school_11.npy, 0.0, 72.3511, 0.978649, 68.4167, 0.99654
