α                 , sdp 1  , sdp 2      , exact 1, exact 2
0.63              , 12.3678, 1.0        ,    15.0, 1.0
0.6326315789473684, 12.3678, 1.0        ,    15.0, 1.0
0.6352631578947369, 12.3678, 1.0        ,    15.0, 1.0
0.6378947368421053, 12.3678, 1.0        ,    15.0, 1.0
0.6405263157894737, 12.3678, 1.0        ,    15.0, 1.0
0.6431578947368422, 12.3678, 1.0        ,    15.0, 1.0
0.6457894736842106, 12.3678, 1.0        ,    15.0, 1.0
0.6484210526315789, 12.3678, 1.0        ,    15.0, 1.0
0.6510526315789473, 12.3678, 1.0        ,    15.0, 1.0
0.6536842105263158, 12.3678, 1.0        ,    15.0, 1.0
0.6563157894736842, 12.3678, 1.0        ,    15.0, 1.0
0.6589473684210526, 12.3678, 1.0        ,    15.0, 1.0
0.661578947368421 , 12.3678, 1.0        ,    15.0, 1.0
0.6642105263157895, 12.3678, 0.999984   ,    15.0, 1.0
0.6668421052631579, 29.9839, 0.000833782,    30.0, -2.42861e-16
0.6694736842105263, 29.998 , 8.73947e-5 ,    30.0, -2.42861e-16
0.6721052631578948, 29.9907, 0.000472657,    30.0, -2.42861e-16
0.6747368421052632, 29.995 , 0.000258683,    30.0, -2.42861e-16
0.6773684210526316, 29.998 , 8.55301e-5 ,    30.0, -2.42861e-16
0.68              , 29.9971, 0.000120958,    30.0, -2.42861e-16
