folder,f,sdp max,exact max,ratio max,sdp fair,exact fair,ratio fair
poisson_16_12_3,01.npy14.6839,15.1422,0.9697335922124921,0.859066,0.888889,0.9664491291938588
poisson_16_12_3,02.npy14.4929,15.1544,0.9563493110911683,0.848337,0.888889,0.9543790057026242
poisson_16_12_3,03.npy14.1965,14.75,0.9624745762711865,0.80556,0.86747,0.9286315376900643
poisson_16_12_3,04.npy14.5107,14.9356,0.9715511931224724,0.834672,0.888889,0.9390058826242645
poisson_16_12_3,05.npy14.4342,15.0,0.96228,0.840318,0.888889,0.945357631830296
poisson_16_12_3,06.npy14.3716,14.92,0.9632439678284183,0.846982,0.888889,0.9528546308931711
poisson_16_12_3,07.npy14.8538,15.3644,0.9667673322746089,0.856445,0.888889,0.9635005045624369
poisson_16_12_3,08.npy14.5508,14.9722,0.9718545036801539,0.835046,0.888889,0.9394266325716708
poisson_16_12_3,09.npy14.4127,15.0818,0.9556352689997215,0.839199,0.888889,0.9440987569876553
poisson_16_12_3,10.npy14.7081,14.924,0.9855333690699545,0.77048,0.848485,0.9080655521311514
poisson_16_12_3,11.npy13.5988,14.1944,0.9580397903398524,0.666667,0.666667,1.0
poisson_16_12_3,12.npy14.6877,15.1856,0.9672123590770203,0.839139,0.888889,0.9440312569960928
poisson_16_12_3,13.npy14.3408,14.9633,0.9583982142976483,0.822781,0.888889,0.9256285092964363
poisson_16_12_3,14.npy14.0557,14.8211,0.9483574093690752,0.809833,0.888889,0.9110620111172486
poisson_16_12_3,15.npy14.385,14.9044,0.9651512305091113,0.84026,0.888889,0.9452923818384522
poisson_16_12_3,16.npy14.78,15.2133,0.9715183425029414,0.828642,0.888889,0.9322221334722333
poisson_16_12_3,17.npy13.8559,14.2222,0.9742444910070172,0.791766,0.8,0.9897075
poisson_16_12_3,18.npy14.1263,14.7944,0.9548410209268372,0.791205,0.861538,0.9183634384089849
poisson_16_12_3,19.npy14.4349,14.8889,0.9695074854421751,0.839139,0.888889,0.9440312569960928
poisson_16_12_3,20.npy14.8093,15.2222,0.9728751428834203,0.798376,0.888889,0.898172887728389
poisson_16_12_4,01.npy14.786,15.1856,0.9736855968812559,0.877844,0.888889,0.9875743765532028
poisson_16_12_4,02.npy14.5184,14.9863,0.9687781507109827,0.832481,0.888889,0.936541007932374
poisson_16_12_4,03.npy14.7886,15.0311,0.9838667828701825,0.870297,0.888889,0.9790840026144996
poisson_16_12_4,04.npy14.9477,15.4551,0.9671694133328157,0.872772,0.888889,0.9818683772664528
poisson_16_12_4,05.npy14.8614,15.2051,0.9773957422180716,0.882054,0.888889,0.9923106259611717
poisson_16_12_4,06.npy14.8088,15.1978,0.9744041900801431,0.85003,0.888889,0.9562836304645461
poisson_16_12_4,07.npy14.8427,15.2822,0.9712410516810408,0.869893,0.888889,0.9786295026713121
poisson_16_12_4,08.npy14.1821,14.8489,0.9550943167507358,0.849446,0.888889,0.9556266305466712
poisson_16_12_4,09.npy15.0069,15.5059,0.9678187012685494,0.871812,0.888889,0.9807883774014529
poisson_16_12_4,10.npy14.6787,15.2219,0.9643145730822039,0.860119,0.888889,0.9676337540457807
poisson_16_12_5,01.npy14.8269,15.3642,0.9650290936072168,0.86766,0.888889,0.9761173779853277
poisson_16_12_5,02.npy15.1649,15.5768,0.9735568281033331,0.911577,0.96,0.949559375
poisson_16_12_5,03.npy14.8342,15.4151,0.962316170508138,0.882878,0.888889,0.9932376258452967
poisson_16_12_5,04.npy14.7216,15.403,0.9557618645718367,0.880738,0.888889,0.9908301261462342
poisson_16_12_5,05.npy15.165,15.3947,0.9850792805316114,0.839139,0.888889,0.9440312569960928
poisson_16_12_5,06.npy14.7025,15.3432,0.9582420877000887,0.876389,0.888889,0.9859375017578123
poisson_16_12_5,07.npy15.119,15.4463,0.9788104594627839,0.88241,0.888889,0.9927111259111092
poisson_16_12_5,08.npy15.2905,15.5877,0.9809336848925756,0.88243,0.946237,0.9325676336900798
poisson_16_12_5,09.npy15.0529,15.478,0.9725352112676056,0.879879,0.888889,0.989863751267031
poisson_16_12_5,10.npy14.7249,15.3735,0.9578105180993267,0.871478,0.888889,0.9804126274484215
