α                   , sdp 1  , sdp 2      , exact 1, exact 2
1.0                 , 57.9972, 0.00010779 , 58.0   , 0.0
0.9938441702975689  , 57.9956, 0.000150754, 58.0   , 0.0
0.9755282581475768  , 57.9956, 0.000158218, 58.0   , 0.0
0.9455032620941839  , 57.9961, 0.000177064, 58.0   , 0.0
0.9045084971874737  , 51.8775, 0.484112   , 56.0   , 0.234375
0.8535533905932737  , 48.3255, 0.71741    , 52.1111, 0.609375
0.7938926261462366  , 45.1535, 0.887559   , 45.0544, 0.984375
0.7269952498697734  , 45.0519, 0.98434    , 45.0544, 0.984375
0.6545084971874737  , 45.0534, 0.984366   , 45.0544, 0.984375
0.5782172325201155  , 45.0479, 0.984365   , 45.0544, 0.984375
0.5                 , 45.0505, 0.984364   , 45.0544, 0.984375
0.4217827674798847  , 45.0507, 0.984374   , 45.0544, 0.984375
0.34549150281252633 , 42.3731, 0.9847     , 45.0544, 0.984375
0.2730047501302266  , 41.3188, 0.984634   , 45.0544, 0.984375
0.2061073738537635  , 40.5947, 0.984453   , 40.9006, 1.0
0.14644660940672627 , 40.0597, 0.983655   , 40.9006, 1.0
0.09549150281252633 , 39.6436, 0.982409   , 40.9006, 1.0
0.054496737905816106, 39.3358, 0.980738   , 40.9006, 1.0
0.024471741852423234, 39.1279, 0.979493   , 40.9006, 1.0
0.00615582970243117 , 39.0034, 0.978697   , 40.9006, 1.0
0.0                 , 21.7393, 0.977318   , 16.7225, 1.0
