,f,quantum max p=3
0,email-Enron_1,13.638688888888888
1,email-Enron_2,51.36238662131518
2,email-Enron_3,144.25711100000004
3,email-Enron_4,4.0
4,email-Enron_5,47.48488477777777
5,email-Enron_6,103.84591580782315
6,email-Enron_7,80.61717499999997
7,email-Enron_8,38.84807077777778
8,email-Enron_9,129.35381462131525
9,contact-high-school_01,90.94406111111108
10,contact-high-school_02,100.05318611111113
11,contact-high-school_03,14.8866
12,contact-high-school_04,141.31762500000002
13,contact-high-school_05,65.5000861111111
14,contact-high-school_06,131.06855
15,contact-high-school_07,74.7775638888889
16,contact-high-school_08,22.554866666666662
17,contact-high-school_09,158.60584444444447
18,contact-high-school_10,133.99471111111114
19,contact-high-school_11,112.94439166666663
20,contact-high-school_12,58.10845555555554
21,contact-high-school_13,9.9999
22,contact-high-school_14,152.32825000000005
23,contact-high-school_15,118.58666666666664
24,contact-high-school_16,56.55336666666665
25,contact-high-school_17,122.13838611111112
26,contact-high-school_18,87.22222222222217
27,contact-high-school_19,40.665777777777784
28,contact-high-school_20,60.77680000000002
