f,sdp max,exact max,ratio max,sdp fair,exact fair,ratio fair
contact-high-school_01.npy,89.0241,91.0278,0.9779880432131723,0.54471,0.567376,0.9600511829897634
contact-high-school_02.npy,97.1432,100.056,0.9708883025505717,0.53919,0.555556,0.970541223567021
contact-high-school_03.npy,14.429,14.8889,0.9691112170811813,0.580431,0.6,0.967385
contact-high-school_04.npy,138.876,142.75,0.9728616462346761,0.5351,0.552995,0.9676398520782286
contact-high-school_05.npy,63.0447,66.1944,0.9524174250389761,0.53919,0.555556,0.970541223567021
contact-high-school_06.npy,128.358,132.139,0.9713861918131664,0.531609,0.545455,0.9746156878202601
contact-high-school_07.npy,73.4292,74.7778,0.9819652356715495,0.545065,0.567376,0.960676870364626
contact-high-school_08.npy,21.965,22.5556,0.973815815141251,0.564094,0.6,0.9401566666666666
contact-high-school_09.npy,155.44,160.043,0.9712389795242528,0.528977,0.545455,0.9697903585080346
contact-high-school_10.npy,132.328,134.389,0.9846639233865867,0.531434,0.545455,0.9742948547542876
contact-high-school_11.npy,110.103,113.833,0.9672327005349942,0.539893,0.555556,0.9718066225547017
contact-high-school_12.npy,56.9245,59.2222,0.9612020492315382,0.564094,0.6,0.9401566666666666
contact-high-school_13.npy,9.98966,10.0,0.998966,0.666667,0.666667,1.0
contact-high-school_14.npy,152.222,153.404,0.9922948554144613,0.510458,0.544726,0.9370913082907736
contact-high-school_15.npy,116.371,118.587,0.98131329741034,0.534885,0.552995,0.9672510601361677
contact-high-school_16.npy,54.6943,56.5556,0.967089023898606,0.545629,0.571429,0.9548500338624747
contact-high-school_17.npy,119.664,122.139,0.9797362021958589,0.535441,0.555556,0.9637930289655766
contact-high-school_18.npy,84.6309,87.2222,0.9702908204562599,0.539893,0.555556,0.9718066225547017
contact-high-school_19.npy,38.7937,40.6667,0.9539426607027371,0.564094,0.6,0.9401566666666666
contact-high-school_20.npy,58.8581,61.0,0.9648868852459016,0.553108,0.571429,0.9679382740462946
contact-high-school_21.npy,146.927,150.306,0.9775191941772117,0.526557,0.538462,0.9778907332365144
email-Enron_1.npy,13.1397,13.6389,0.9633988078217451,0.783653,0.8,0.97956625
email-Enron_2.npy,50.1963,51.3624,0.9772966216531938,0.564094,0.6,0.9401566666666666
email-Enron_3.npy,141.477,144.258,0.9807220396789086,0.5533,0.571429,0.9682742737942948
email-Enron_4.npy,4.0,4.0,1.0,0.666667,0.666667,1.0
email-Enron_5.npy,45.5264,47.4853,0.9587472333543223,0.654545,0.666667,0.9818170090914955
email-Enron_6.npy,102.727,105.173,0.9767430804484041,0.564094,0.6,0.9401566666666666
email-Enron_7.npy,78.3057,80.6178,0.9713202295274741,0.564094,0.6,0.9401566666666666
email-Enron_8.npy,37.7774,38.8489,0.9724187814841604,0.580431,0.6,0.967385
email-Enron_9.npy,124.742,129.354,0.9643459034896485,0.545629,0.571429,0.9548500338624747
