α,sdp 1,sdp 2,exact 1,exact 2
1.0,99.0,-1.38778e-17,99.0,-4.25007e-17
0.9938441702975689,99.0,-1.38778e-17,99.0,-4.25007e-17
0.9755282581475768,98.9981,4.59345e-5,99.0,-4.25007e-17
0.9455032620941839,99.0,1.10243e-5,99.0,-4.25007e-17
0.9045084971874737,98.9876,0.000225644,99.0,-4.25007e-17
0.8535533905932737,98.9958,8.18707e-5,99.0,-4.25007e-17
0.7938926261462366,92.9928,0.265406,93.0,0.265306
0.7269952498697734,79.6159,0.525904,93.0,0.265306
0.6545084971874737,63.9997,0.877719,62.7778,0.918367
0.5782172325201155,58.7214,0.949535,62.7778,0.918367
0.5,56.8809,0.960656,57.25,0.979592
0.4217827674798847,55.7783,0.968226,57.25,0.979592
0.34549150281252633,55.2134,0.97142,54.1111,1.0
0.2730047501302266,54.6757,0.972313,54.1111,1.0
0.2061073738537635,54.3341,0.973913,54.1111,1.0
0.14644660940672627,54.1145,0.975069,54.1111,1.0
0.09549150281252633,53.967,0.975861,54.1111,1.0
0.054496737905816106,53.8641,0.976437,54.1111,1.0
0.024471741852423234,53.7989,0.976792,54.1111,1.0
0.00615582970243117,53.7592,0.977067,54.1111,1.0
0.0,42.0907,0.974089,37.9722,1.0
