f             , sdp max  , exact max, ratio max         , sdp fair, exact fair, ratio fair
NDC-classes_01,  4.73766 ,  4.73778 , 0.9999746716816738, 0.888889,   0.888889, 1.0
NDC-classes_02, 12.9133  , 13.1618  , 0.9811196037016213, 0.876656,   0.888889, 0.9862378767202653
NDC-classes_03,  1.91222 ,  2.0     , 0.95611           , 0.91226 ,   1.0     , 0.91226
NDC-classes_04,  1.91222 ,  2.0     , 0.95611           , 0.91226 ,   1.0     , 0.91226
NDC-classes_05,  6.79032 ,  6.88889 , 0.9856914539207333, 0.871812,   0.888889, 0.9807883774014529
NDC-classes_06,  2.99986 ,  3.0     , 0.9999533333333334, 1.0     ,   1.0     , 1.0
NDC-classes_07,  2.99986 ,  3.0     , 0.9999533333333334, 1.0     ,   1.0     , 1.0
NDC-classes_08, 15.6314  , 16.2206  , 0.9636758196367581, 0.871812,   0.888889, 0.9807883774014529
NDC-classes_09,  6.30595 ,  6.55556 , 0.9619239241193736, 0.871812,   0.888889, 0.9807883774014529
NDC-classes_10, 21.74    , 22.1019  , 0.9836258421221704, 0.871812,   0.888889, 0.9807883774014529
NDC-classes_11,  7.79025 ,  7.88889 , 0.987496339789248 , 0.871812,   0.888889, 0.9807883774014529
NDC-classes_12,  9.49874 ,  9.58667 , 0.9908278891419022, 0.888889,   0.888889, 1.0
NDC-classes_13,  5.0     ,  5.0     , 1.0               , 0.999989,   1.0     , 0.999989
NDC-classes_14, 12.064   , 12.344   , 0.9773169151004537, 0.871812,   0.888889, 0.9807883774014529
NDC-classes_15,  5.69004 ,  5.77778 , 0.984814236609909 , 0.839139,   0.888889, 0.9440312569960928
NDC-classes_16,  9.32451 ,  9.66667 , 0.9646041501365   , 0.880722,   0.888889, 0.9908121261484842
NDC-classes_17, 24.2025  , 24.6978  , 0.9799455821976046, 0.874034,   0.888889, 0.983288127088984
NDC-classes_18,  8.44013 ,  8.66667 , 0.9738607792843157, 0.871812,   0.888889, 0.9807883774014529
NDC-classes_19, 27.4579  , 27.5813  , 0.9955259541790996, 0.888889,   0.888889, 1.0
NDC-classes_20, 10.3702  , 10.8099  , 0.959324323074219 , 0.87426 ,   0.888889, 0.9835423770572028
NDC-classes_21,  1.99991 ,  2.0     , 0.999955          , 1.0     ,   1.0     , 1.0
NDC-classes_22,  2.83736 ,  2.86848 , 0.9891510486390004, 0.888889,   0.888889, 1.0
NDC-classes_23,  1.92864 ,  1.96    , 0.984             , 0.928689,   0.96    , 0.9673843750000001
NDC-classes_24,  5.9999  ,  6.0     , 0.9999833333333333, 0.999955,   1.0     , 0.999955
NDC-classes_25,  2.8888  ,  2.88889 , 0.9999688461658284, 0.888889,   0.888889, 1.0
NDC-classes_26, 43.1754  , 44.5656  , 0.968805536108568 , 0.905556,   0.96    , 0.9432875000000001
NDC-classes_27,  8.43074 ,  8.62667 , 0.977287875854762 , 0.874034,   0.888889, 0.983288127088984
NDC-classes_28,  0.999955,  1.0     , 0.999955          , 1.0     ,   1.0     , 1.0
NDC-classes_29,  6.81758 ,  6.84889 , 0.9954284562899974, 0.888889,   0.888889, 1.0
NDC-classes_30,  7.54151 ,  7.71737 , 0.9772124441357612, 0.871812,   0.888889, 0.9807883774014529
NDC-classes_31,  8.73759 ,  8.73778 , 0.9999782553463237, 0.888889,   0.888889, 1.0
NDC-classes_32, 11.4857  , 11.7378  , 0.9785223806846257, 0.884536,   0.888889, 0.9951028756121405
NDC-classes_33, 14.5497  , 14.8089  , 0.9824970119320139, 0.871812,   0.888889, 0.9807883774014529
NDC-classes_34, 17.4233  , 17.657   , 0.986764456023107 , 0.871812,   0.888889, 0.9807883774014529
NDC-classes_35, 11.5808  , 11.7778  , 0.9832736164648747, 0.871812,   0.888889, 0.9807883774014529
NDC-classes_36,  8.59441 ,  8.75898 , 0.9812112825922654, 0.927433,   0.96    , 0.9660760416666666
NDC-classes_37,  0.888889,  0.888889, 1.0               , 0.888889,   0.888889, 1.0
NDC-classes_38,  4.63015 ,  4.77778 , 0.9691007120461805, 0.888889,   0.888889, 1.0
NDC-classes_39,  7.82422 ,  8.0     , 0.9780275         , 0.91226 ,   1.0     , 0.91226
NDC-classes_40,  6.6899  ,  6.77778 , 0.9870341026117696, 0.888889,   0.888889, 1.0
NDC-classes_41,  7.58333 ,  7.66667 , 0.9891295699436653, 0.888889,   0.888889, 1.0
NDC-classes_42,  8.99941 ,  9.0     , 0.9999344444444443, 0.99999 ,   1.0     , 0.99999
NDC-classes_43,  8.0     ,  8.0     , 1.0               , 1.0     ,   1.0     , 1.0
NDC-classes_44,  6.99968 ,  7.0     , 0.9999542857142857, 1.0     ,   1.0     , 1.0
NDC-classes_45,  4.55551 ,  4.55556 , 0.9999890244009518, 0.888889,   0.888889, 1.0
NDC-classes_46,  6.91199 ,  7.0     , 0.987427142857143 , 0.91226 ,   1.0     , 0.91226
NDC-classes_47,  7.99964 ,  8.0     , 0.999955          , 1.0     ,   1.0     , 1.0
NDC-classes_48,  7.99964 ,  8.0     , 0.999955          , 1.0     ,   1.0     , 1.0
NDC-classes_49,  6.88862 ,  6.88889 , 0.9999608064579345, 0.888889,   0.888889, 1.0
NDC-classes_50,  7.99964 ,  8.0     , 0.999955          , 1.0     ,   1.0     , 1.0
NDC-classes_51,  4.92851 ,  4.96    , 0.9936512096774194, 0.928689,   0.96    , 0.9673843750000001
NDC-classes_52,  8.67736 ,  8.67737 , 0.9999988475770885, 0.888889,   0.888889, 1.0
NDC-classes_53,  6.88889 ,  6.88889 , 1.0               , 0.888889,   0.888889, 1.0
NDC-classes_54,  6.77755 ,  6.77778 , 0.9999660655848965, 0.888889,   0.888889, 1.0
NDC-classes_55,  5.96056 ,  6.0     , 0.9934266666666667, 0.961   ,   1.0     , 0.961
NDC-classes_56,  7.99964 ,  8.0     , 0.999955          , 1.0     ,   1.0     , 1.0
NDC-classes_57,  7.73777 ,  7.73778 , 0.9999987076396589, 0.888889,   0.888889, 1.0
NDC-classes_58,  6.88862 ,  6.88889 , 0.9999608064579345, 0.888889,   0.888889, 1.0
NDC-classes_59,  6.88864 ,  6.88889 , 0.9999637096832726, 0.888889,   0.888889, 1.0
NDC-classes_60,  9.91187 , 10.0     , 0.991187          , 0.91226 ,   1.0     , 0.91226
NDC-classes_61,  7.33503 ,  7.76889 , 0.9441541841884747, 0.888889,   0.888889, 1.0
NDC-classes_62,  5.88866 ,  5.88889 , 0.9999609434035955, 0.888889,   0.888889, 1.0
NDC-classes_63,  7.88889 ,  7.88889 , 1.0               , 0.888889,   0.888889, 1.0
NDC-classes_64,  6.77755 ,  6.77778 , 0.9999660655848965, 0.888889,   0.888889, 1.0
NDC-classes_65, 17.6086  , 17.771   , 0.990861515952957 , 0.888889,   0.888889, 1.0
NDC-classes_66,  6.88889 ,  6.88889 , 1.0               , 0.888889,   0.888889, 1.0
NDC-classes_67,  7.79028 ,  7.88889 , 0.9875001426056137, 0.871812,   0.888889, 0.9807883774014529
NDC-classes_68,  6.88862 ,  6.88889 , 0.9999608064579345, 0.888889,   0.888889, 1.0
NDC-classes_69,  7.91207 ,  8.0     , 0.98900875        , 0.91226 ,   1.0     , 0.91226
