f, sdp max, exact max, ratio
contact-high-school_1.npy, 82.9522, 86.3333, 0.9608366644157007
contact-high-school_10.npy, 248.26, 253.194, 0.9805129663420145
contact-high-school_11.npy, 169.422, 173.75, 0.9750906474820143
contact-high-school_12.npy, 52.827, 54.6667, 0.9663469717396513
contact-high-school_13.npy, 250.704, 257.321, 0.9742850369771607
contact-high-school_14.npy, 153.028, 156.833, 0.9757385244176927
contact-high-school_15.npy, 21.0467, 21.6667, 0.9713846594082164
contact-high-school_16.npy, 221.454, 228.528, 0.9690453686200379
contact-high-school_2.npy, 219.587, 224.306, 0.9789617754317761
contact-high-school_3.npy, 247.497, 254.472, 0.9725903046307649
contact-high-school_4.npy, 55.4152, 56.8889, 0.9740951222470464
contact-high-school_5.npy, 31.2008, 32.4444, 0.9616698105065897
contact-high-school_6.npy, 172.24, 176.944, 0.9734153178406729
contact-high-school_7.npy, 229.503, 235.21, 0.9757365758258576
contact-high-school_8.npy, 133.341, 136.281, 0.9784269267175909
contact-high-school_9.npy, 42.2801, 43.6667, 0.9682458257665452
email-Enron_1.npy, 146.938, 149.134, 0.9852749875950487
email-Enron_2.npy, 69.1539, 71.5579, 0.9664048274194742
email-Enron_3.npy, 12.4987, 12.8889, 0.9697258881673377
email-Enron_4.npy, 131.921, 135.965, 0.9702570514470635
email-Enron_5.npy, 92.308, 95.7721, 0.9638297583534245
email-Enron_6.npy, 205.124, 212.76, 0.9641097950742621
email-Enron_7.npy, 99.8308, 103.099, 0.9683003714875992
