,f,quantum max p=3,quantum fair p=3
0,email-Enron_1,13.638688888888888,0.7956999999999934
3,email-Enron_2,51.36238662131518,0.588999999999984
5,email-Enron_3,144.25711100000004,0.5528999999999661
7,email-Enron_4,4.0,0.6626999999999776
9,email-Enron_5,47.48488477777777,0.6487999999999928
11,email-Enron_6,103.84591580782315,0.5765999999999756
13,email-Enron_7,80.61717499999997,0.5705999999999808
15,email-Enron_8,38.84807077777778,0.5921999999999753
17,email-Enron_9,129.35381462131525,0.5489999999999657
1,congress-bills_05,10.555555555555555,0.8888000000000008
3,congress-bills_13,7.8888888888888875,0.8888888888888977
5,congress-bills_19,6.777777777777778,0.8888888888888912
7,congress-bills_23,15.037388888888888,0.6657999999999806
9,congress-bills_26,15.666666666666663,0.8845999999999894
11,congress-bills_37,27.527777777777768,0.6523999999999516
13,congress-bills_38,35.33333333333333,0.6247999999999808
15,congress-bills_39,57.319,0.5759999999999632
17,congress-bills_40,18.777777777777775,0.6172999999999912
