f                , sdp max  , exact max, ratio max         , sdp fair, exact fair, ratio fair
congress-bills_01,  0.999955,   1.0    , 0.999955          , 1.0     ,   1.0     , 1.0
congress-bills_02,  1.99991 ,   2.0    , 0.999955          , 1.0     ,   1.0     , 1.0
congress-bills_03,  3.0     ,   3.0    , 1.0               , 0.999955,   1.0     , 0.999955
congress-bills_04,  7.0     ,   7.0    , 1.0               , 0.999936,   1.0     , 0.999936
congress-bills_05, 10.555   ,  10.5556 , 0.999943158134071 , 0.793828,   0.888889, 0.8930563883679514
congress-bills_06,  8.0     ,   8.0    , 1.0               , 1.0     ,   1.0     , 1.0
congress-bills_07, 10.0     ,  10.0    , 1.0               , 1.0     ,   1.0     , 1.0
congress-bills_08,  1.99991 ,   2.0    , 0.999955          , 1.0     ,   1.0     , 1.0
congress-bills_09, 10.9971  ,  11.0    , 0.9997363636363636, 0.99764 ,   1.0     , 0.99764
congress-bills_10, 14.888   ,  14.8889 , 0.9999395522839162, 0.666667,   0.666667, 1.0
congress-bills_11,  4.0     ,   4.0    , 1.0               , 0.999955,   1.0     , 0.999955
congress-bills_12, 13.6787  ,  13.7778 , 0.9928072696656941, 0.666667,   0.666667, 1.0
congress-bills_13,  7.88837 ,   7.88889, 0.9999340845163261, 0.839139,   0.888889, 0.9440312569960928
congress-bills_14, 23.9711  ,  24.6267 , 0.9733784875764921, 0.654545,   0.666667, 0.9818170090914955
congress-bills_15,  0.999955,   1.0    , 0.999955          , 1.0     ,   1.0     , 1.0
congress-bills_16,  3.99982 ,   4.0    , 0.999955          , 1.0     ,   1.0     , 1.0
congress-bills_17,  1.99991 ,   2.0    , 0.999955          , 1.0     ,   1.0     , 1.0
congress-bills_18,  6.99957 ,   7.0    , 0.9999385714285715, 1.0     ,   1.0     , 1.0
congress-bills_19,  6.58096 ,   6.77778, 0.9709609931275432, 0.871812,   0.888889, 0.9807883774014529
congress-bills_20,  0.999955,   1.0    , 0.999955          , 1.0     ,   1.0     , 1.0
congress-bills_21, 11.7901  ,  11.8889 , 0.9916897273927783, 0.871812,   0.888889, 0.9807883774014529
congress-bills_22,  1.99991 ,   2.0    , 0.999955          , 1.0     ,   1.0     , 1.0
congress-bills_23, 14.8381  ,  15.5278 , 0.9555828900423757, 0.666667,   0.666667, 1.0
congress-bills_24,  6.99957 ,   7.0    , 0.9999385714285715, 1.0     ,   1.0     , 1.0
congress-bills_25,  0.999955,   1.0    , 0.999955          , 1.0     ,   1.0     , 1.0
congress-bills_26, 15.5677  ,  15.6667 , 0.9936808645087989, 0.839139,   0.888889, 0.9440312569960928
congress-bills_27,  3.0     ,   3.0    , 1.0               , 0.999955,   1.0     , 0.999955
congress-bills_28,  2.99986 ,   3.0    , 0.9999533333333334, 1.0     ,   1.0     , 1.0
congress-bills_29, 12.8886  ,  12.8889 , 0.9999767241579964, 0.666667,   0.666667, 1.0
congress-bills_30, 16.9999  ,  17.0    , 0.9999941176470588, 0.999873,   1.0     , 0.999873
congress-bills_31,  8.72058 ,   8.84889, 0.9854998762556659, 0.871812,   0.888889, 0.9807883774014529
congress-bills_32,  2.99986 ,   3.0    , 0.9999533333333334, 1.0     ,   1.0     , 1.0
congress-bills_33, 18.6658  ,  18.6667 , 0.9999517858003826, 0.666667,   0.666667, 1.0
congress-bills_34, 10.8887  ,  10.8889 , 0.9999816326718034, 0.666667,   0.666667, 1.0
congress-bills_35,  1.99991 ,   2.0    , 0.999955          , 1.0     ,   1.0     , 1.0
congress-bills_36,  0.999955,   1.0    , 0.999955          , 1.0     ,   1.0     , 1.0
congress-bills_37, 26.8857  ,  27.7778 , 0.9678844256924595, 0.666667,   0.666667, 1.0
congress-bills_38, 33.6446  ,  35.3333 , 0.9522065586854326, 0.638309,   0.666667, 0.9574630212684894
congress-bills_39, 55.5669  ,  58.3767 , 0.951867782865424 , 0.603072,   0.648649, 0.9297354963932728
congress-bills_40, 18.2448  ,  18.7778 , 0.9716154182066058, 0.608173,   0.666667, 0.912259043870478
congress-bills_41, 50.6801  ,  52.1678 , 0.9714824086888848, 0.580431,   0.6     , 0.967385
congress-bills_42,  6.99957 ,   7.0    , 0.9999385714285715, 0.999955,   1.0     , 0.999955
congress-bills_43, 12.0     ,  12.0    , 1.0               , 0.999936,   1.0     , 0.999936
congress-bills_44, 15.9995  ,  16.0    , 0.99996875        , 0.666667,   0.666667, 1.0
congress-bills_45,  8.0     ,   8.0    , 1.0               , 0.999955,   1.0     , 0.999955
congress-bills_46,  2.99986 ,   3.0    , 0.9999533333333334, 1.0     ,   1.0     , 1.0
congress-bills_47,  2.99986 ,   3.0    , 0.9999533333333334, 1.0     ,   1.0     , 1.0
congress-bills_48, 18.8881  ,  18.8889 , 0.9999576470837371, 0.888014,   0.888889, 0.9990156251230468
congress-bills_49,  2.99986 ,   3.0    , 0.9999533333333334, 1.0     ,   1.0     , 1.0
congress-bills_50, 15.6787  ,  15.7778 , 0.9937190229309536, 0.666667,   0.666667, 1.0
