,f,quantum max,quantum fair
0,email-Enron_1,17.666666666666664,-0.5739345587744147
1,email-Enron_2,55.15217687074829,-0.545179314888442
2,email-Enron_3,139.44,-0.5321126979100268
3,email-Enron_4,6.75,-0.5804522215938122
4,email-Enron_5,55.198611111111106,-0.5607678530499346
5,email-Enron_6,114.47309149003956,-0.5303623592645477
6,email-Enron_7,82.411412824389,-0.5323239259106973
7,email-Enron_8,54.44777777777777,-0.5457142885874777
8,email-Enron_1,18.666666666666668,0.6567999999999939
9,email-Enron_2,55.35016439909297,0.5826999999999914
10,email-Enron_3,140.89777777777778,0.5016000000000073
11,email-Enron_4,6.75,0.6637999999999841
12,email-Enron_5,57.11737654320987,0.592088888888892
13,email-Enron_6,116.09281371226179,0.5650999999999853
14,email-Enron_7,82.69613504661123,0.5820999999999901
15,email-Enron_8,55.44777777777777,0.48782222222223615
16,email-Enron_9,149.3427872260015,0.5520999999999728
