f, sdp max, exact max
contact-high-school_1.npy, 91.9167, 91.9167
contact-high-school_10.npy, 135.639, 135.639
contact-high-school_11.npy, 114.722, 114.722
contact-high-school_12.npy, 61.0, 61.0
contact-high-school_13.npy, 10.0, 10.0
contact-high-school_14.npy, 155.904, 155.904
contact-high-school_15.npy, 118.587, 118.587
contact-high-school_16.npy, 56.5556, 56.5556
contact-high-school_17.npy, 123.028, 123.028
contact-high-school_18.npy, 87.9722, 87.9722
contact-high-school_19.npy, 41.5556, 41.5556
contact-high-school_2.npy, 102.833, 102.833
contact-high-school_20.npy, 62.8889, 62.8889
contact-high-school_21.npy, 150.306, 150.306
contact-high-school_3.npy, 14.8889, 14.8889
contact-high-school_4.npy, 142.75, 142.75
contact-high-school_5.npy, 67.0833, 67.0833
contact-high-school_6.npy, 132.139, 132.139
contact-high-school_7.npy, 74.7778, 74.7778
contact-high-school_8.npy, 23.5556, 23.5556
contact-high-school_9.npy, 161.293, 161.293
email-Enron_1.npy, 19.4167, 19.4167
email-Enron_2.npy, 58.1002, 58.1002
email-Enron_3.npy, 147.134, 147.134
email-Enron_4.npy, 6.75, 6.75
email-Enron_5.npy, 59.6585, 59.6585
email-Enron_6.npy, 119.631, 119.631
email-Enron_7.npy, 87.585, 87.585
email-Enron_8.npy, 56.4478, 56.4478
email-Enron_9.npy, 156.179, 156.179
