dataset,instance,n_vertices,n_edges,optimal_partition,optimal_weighted_cost,num_cut_edges,cut_indicators,,
poisson_16_12_3,01,12,15,110011001001    ,6,6,000010110101100,6,0
poisson_16_12_3,02,12,16,011100000111,6,6,0000011011000110,6,0
poisson_16_12_3,03,12,16,100010110011    ,8,8,0011110001001101,8,0
poisson_16_12_3,04,12,16,101110000101    ,10,10,1101000011111110,10,0
poisson_16_12_3,05,12,16,101110100100    ,7,7,1010010110100010,7,0
poisson_16_12_3,06,12,16,111010000011    ,10,10,1010011101101110,10,0
poisson_16_12_3,07,12,16,101001001110    ,8,8,1011010111001000,8,0
poisson_16_12_3,08,12,15,001000011111,7,7,011010000111001,7,0
poisson_16_12_3,09,12,16,011100010101,9,9,1111001010011010,9,0
poisson_16_12_3,10,12,16,011101000011,7,7,0100100001011110,7,0
poisson_16_12_3,11,12,16,101010100011    ,7,7,0101011100000110,7,0
poisson_16_12_3,12,12,15,110110010100    ,7,7,000100110011011,7,0
poisson_16_12_3,13,12,16,001111001100,10,10,0111110001101101,10,0
poisson_16_12_3,14,12,16,010101000111,7,7,0101011101010000,7,0
poisson_16_12_3,15,12,16,001101011010,8,8,0011010010101011,8,0
poisson_16_12_3,16,12,16,101011010100    ,8,8,1010100110010101,8,0
poisson_16_12_3,17,12,16,010110101010,5,5,1000000100000111,5,0
poisson_16_12_3,18,12,16,011011100100,7,7,1101000110010001,7,0
poisson_16_12_3,19,12,15,011010001101,7,7,111000010100101    ,7,0
poisson_16_12_3,20,12,15,100110010011    ,6,6,011001100100100,6,0
poisson_16_12_4,01,12,16,100101011010    ,10,10,1111011010111000,10,0
poisson_16_12_4,02,12,16,111101000100    ,10,10,1001111111100001,10,0
poisson_16_12_4,03,12,16,011010001011,10,10,0111000110111101,10,0
poisson_16_12_4,04,12,16,101001011100    ,10,10,1110100101110011,10,0
poisson_16_12_4,05,12,16,010101001110,9,9,0101101101101010,9,0
poisson_16_12_4,06,12,16,110110100001    ,11,11,1111011000011111,11,0
poisson_16_12_4,07,12,16,110111001000    ,12,12,1011011111101011,12,0
poisson_16_12_4,08,12,15,001100111100,10,10,101111010110011    ,9,1
poisson_16_12_4,09,12,16,101100011001    ,10,10,1111110000101110,10,0
poisson_16_12_4,10,12,16,011111000100,10,10,1110010111001011,10,0
poisson_16_12_5,01,12,16,110001010101    ,12,12,0111101011110111,12,0
poisson_16_12_5,02,12,16,000010111110,13,13,1101111100111111,13,0
poisson_16_12_5,03,12,16,010111010100,13,13,1011111110110111,13,0
poisson_16_12_5,04,12,16,001101011010,13,13,1111101111101011,13,0
poisson_16_12_5,05,12,15,000110001111,12,11,111001111110110    ,11,0
poisson_16_12_5,06,12,16,111111000000    ,12,12,1011111011110110,12,0
poisson_16_12_5,07,12,16,111000110100    ,11,11,1111010111100110,11,0
poisson_16_12_5,08,12,16,010110000111,13,13,1110110111111011,13,0
poisson_16_12_5,09,12,16,100001101101    ,11,11,1111111010011001,11,0
poisson_16_12_5,10,12,16,101110001010    ,11,11,1110111110100101,11,0