,folder,f,quantum max p=3,hwpm_quantum max p=3
0,poisson_16_12_3,01,0.8728888888888987,0.8792
1,poisson_16_12_3,02,0.877155556,0.8597
2,poisson_16_12_3,03,0.8394666666666772,0.8127
3,poisson_16_12_3,04,0.883725,0.877024
4,poisson_16_12_3,05,0.8763555555555615,0.874933333
5,poisson_16_12_3,06,0.8833250000000001,
6,poisson_16_12_3,07,0.8865777777777836,
7,poisson_16_12_3,08,0.8312888888888991,
8,poisson_16_12_3,09,0.8842666666666722,
9,poisson_16_12_3,10,0.8267,
10,poisson_16_12_4,01,0.8821999999999974,
11,poisson_16_12_4,02,0.8740159999999968,
12,poisson_16_12_4,03,0.8846222222222255,
13,poisson_16_12_4,04,0.887022222,
14,poisson_16_12_4,05,0.8877333333333397,
15,poisson_16_12_4,06,0.8819999999999992,
16,poisson_16_12_4,07,0.8873777777777849,
17,poisson_16_12_4,08,0.8708000000000004,
18,poisson_16_12_4,09,0.8876444444444492,
19,poisson_16_12_4,10,0.8882666666666743,
20,poisson_16_12_5,01,0.8867555555555665,
21,poisson_16_12_5,02,0.9175679999999962,
22,poisson_16_12_5,03,0.8880888888889046,
23,poisson_16_12_5,04,0.8861333333333482,
24,poisson_16_12_5,05,0.8857777777777885,
25,poisson_16_12_5,06,0.8848000000000027,
26,poisson_16_12_5,07,0.8861759999999957,
27,poisson_16_12_5,08,0.9024999999999972,
28,poisson_16_12_5,09,0.8882879999999956,
29,poisson_16_12_5,10,0.883808,