,folder,f,quantum max p=3,hwpm_quantum max p=3,Optimal Objective,Best x (from exact solver)
0,poisson_16_12_3,1,15.141988888888900,15.03111111,15.1422222222222,"[-1  1 -1  1 -1 -1  1 -1  1  1  1  1]
"
1,poisson_16_12_3,2,15.154444444444400,14.90444444,15.1544444444444,"[-1  1  1 -1  1 -1  1  1 -1  1 -1  1]
"
2,poisson_16_12_3,3,14.744727777777800,14.75,14.75,"[ 1 -1  1 -1  1  1 -1  1 -1  1 -1  1]
"
3,poisson_16_12_3,4,14.934950666666700,14.93555556,14.9355555555556,"[-1  1 -1  1  1 -1  1 -1  1 -1  1  1]
"
4,poisson_16_12_3,5,14.873847222222200,15,15.0,"[-1 -1 -1  1  1  1 -1 -1  1  1  1 -1]
"
5,poisson_16_12_3,6,14.919722111111100,,,
6,poisson_16_12_3,7,15.363994444444400,,,
7,poisson_16_12_3,8,14.96925277777780,,,
8,poisson_16_12_3,9,15.081115392290300,,,
9,poisson_16_12_3,10,14.92403628117910,,,
10,poisson_16_12_4,1,15.15009566666670,,,
11,poisson_16_12_4,2,14.98575814058960,,,
12,poisson_16_12_4,3,15.030630444444400,,,
13,poisson_16_12_4,4,15.202462852607700,,,
14,poisson_16_12_4,5,15.132191453514700,,,
15,poisson_16_12_4,6,15.155829111111100,,,
16,poisson_16_12_4,7,15.256533111111100,,,
17,poisson_16_12_4,8,14.848836111111100,,,
18,poisson_16_12_4,9,15.505283673469400,,,
19,poisson_16_12_4,10,15.153127638888900,,,
20,poisson_16_12_5,1,15.339018250000000,,,
21,poisson_16_12_5,2,15.450373322877300,,,
22,poisson_16_12_5,3,15.359374486961400,,,
23,poisson_16_12_5,4,15.26312457256240,,,
24,poisson_16_12_5,5,15.339856246031700,,,
25,poisson_16_12_5,6,15.235105333333300,,,
26,poisson_16_12_5,7,15.333878807256200,,,
27,poisson_16_12_5,8,15.578317305555600,,,
28,poisson_16_12_5,9,15.448473597791500,,,
29,poisson_16_12_5,10,15.289518154950900,,,